Zone_ID,Zone_Name,Population,Area_sq_miles,Flood_Exposure,Elevation_Risk,Road_Access_Risk,Shelter_Access_Risk,Social_Vulnerability,Power_Infrastructure_Risk,Fragility_Score,Risk_Category,Fragility_Rank
Z001,Downtown Tampa,15000,2.1,85,58.0,56.66666666666667,47.66666666666667,34.81012658227848,70.8,63.3,HIGH,3
Z002,Ybor City,8500,1.8,25,29.0,25.263157894736842,48.411764705882355,72.78481012658227,64.0,38.0,LOW,5
Z003,South Tampa,12000,3.2,92,79.0,74.61538461538461,52.416666666666664,0.0,28.5,65.3,HIGH,2
Z004,North Tampa,20000,4.5,65,45.0,21.940298507462686,51.0,43.82911392405063,30.0,46.8,MODERATE,4
Z005,East Tampa,18000,2.9,95,82.0,93.65853658536585,66.22222222222223,100.0,27.0,81.6,CRITICAL,1
